"id","name","age","salary","department","email","comment"
"1","Paula Brown","23","86145","HR","paula.brown@example.com","Excellent performance"
"2","Julia Smith","31","82267","HR","julia.smith@example.com","Excellent performance"
"3","Sam Robinson","37","43885","Sales","sam.robinson@example.com","Excellent performance"
"4","Diana Thomas","48","79567","Engineering","diana.thomas@example.com","Good employee"
"5","Rachel Wright","34","69522","Sales","rachel.wright@example.com","Average work"
"6","Victor Brown","42","46681","Sales","victor.brown@example.com","Creative thinker"
"7","George Brown","25","71113","Marketing","george.brown@example.com","Excellent performance"
"8","Victor Adams","39","47961","Sales","victor.adams@example.com","Creative thinker"
"9","Laura Robinson","26","59975","HR","laura.robinson@example.com","Good employee"
"10","Hannah Hill","50","43269","Sales","hannah.hill@example.com","Average work"
"11","Zane Taylor","44","78422","Marketing","zane.taylor@example.com","Team player"
"12","Oscar Lewis","40","64155","Finance","oscar.lewis@example.com","Top performer"
"13","Charlie Wilson","38","88041","Finance","charlie.wilson@example.com","Excellent performance"
"14","Ian Brown","27","55610","Sales","ian.brown@example.com","Quick learner"
"15","Uma Anderson","41","52514","Engineering","uma.anderson@example.com","Good employee"
"16","Bob Lee","30","75965","Sales","bob.lee@example.com","Team player"
"17","Rachel Lee","22","41896","Sales","rachel.lee@example.com","Good employee"
"18","Nina Robinson","29","82445","Finance","nina.robinson@example.com","Quick learner"
"19","George Anderson","49","45632","HR","george.anderson@example.com","Creative thinker"
"20","Paula Garcia","47","83567","Sales","paula.garcia@example.com","Average work"
"21","Tina Brown","28","67893","Finance","tina.brown@example.com","Excellent performance"
"22","Alice Johnson","36","79312","Marketing","alice.johnson@example.com","Needs improvement"
"23","Oscar Martinez","50","51997","Engineering","oscar.martinez@example.com","Good employee"
"24","Sam Thompson","33","70914","Finance","sam.thompson@example.com","Quick learner"
"25","Charlie Adams","45","60475","Sales","charlie.adams@example.com","Top performer"
"26","Laura Taylor","29","48863","Engineering","laura.taylor@example.com","Team player"
"27","Victor White","34","81821","Sales","victor.white@example.com","Creative thinker"
"28","Ian Harris","39","67233","Marketing","ian.harris@example.com","Excellent performance"
"29","Nina Hill","43","59914","Engineering","nina.hill@example.com","Needs improvement"
"30","Wendy Davis","46","54377","HR","wendy.davis@example.com","Very active"
"31","Oscar Thompson","27","83411","Finance","oscar.thompson@example.com","Punctual and polite"
"32","Hannah Wilson","32","47218","Sales","hannah.wilson@example.com","Average work"
"33","Rachel Garcia","41","89513","Marketing","rachel.garcia@example.com","Top performer"
"34","Julia Miller","23","64021","Engineering","julia.miller@example.com","Creative thinker"
"35","Evan Brown","25","76654","Sales","evan.brown@example.com","Quick learner"
"36","Kevin White","37","57326","HR","kevin.white@example.com","Excellent performance"
"37","George Moore","48","81543","Finance","george.moore@example.com","Punctual and polite"
"38","Diana Jackson","35","65271","Sales","diana.jackson@example.com","Good employee"
"39","Laura Davis","30","55639","Engineering","laura.davis@example.com","Very active"
"40","Tina Martinez","26","87621","Sales","tina.martinez@example.com","Average work"
"41","Mike Taylor","33","60251","Finance","mike.taylor@example.com","Creative thinker"
"42","Quinn Robinson","38","74432","Marketing","quinn.robinson@example.com","Excellent performance"
"43","Charlie Wright","29","68319","HR","charlie.wright@example.com","Team player"
"44","Paula Lee","31","57912","Finance","paula.lee@example.com","Needs improvement"
"45","Yara Scott","27","76103","Sales","yara.scott@example.com","Good employee"
"46","Sam Wilson","42","84562","Engineering","sam.wilson@example.com","Quick learner"
"47","Xavier Harris","36","67291","Finance","xavier.harris@example.com","Creative thinker"
"48","Victor Garcia","44","49276","Sales","victor.garcia@example.com","Team player"
"49","Julia Adams","28","55319","Marketing","julia.adams@example.com","Very active"
"50","Alice White","40","81327","HR","alice.white@example.com","Top performer"
